id,variable_name,variable_dimensions,value,1D,2D
0,red,1,255,0,-
1,green,1,255,0,-
2,blue,1,255,0,-
3,xTaka,1,188,0,-
4,yTaka,1,-4,0,-
5,fixZ,1,0,0,-
6,rotX,1,120,0,-
7,rotTaka,1,15,0,-
8,fixParam,1,35,0,-
9,fixtureTypeS,1,linssi,0,-
10,fixtureType1,1,6,0,-
11,channel,1,1,0,-
12,ansaParent,1,2,0,-
13,red,1,255,1,-
14,green,1,255,1,-
15,blue,1,255,1,-
16,xTaka,1,275,1,-
17,yTaka,1,6,1,-
18,fixZ,1,0,1,-
19,rotX,1,120,1,-
20,rotTaka,1,0,1,-
21,fixParam,1,76,1,-
22,fixtureTypeS,1,k.fresu,1,-
23,fixtureType1,1,3,1,-
24,channel,1,3,1,-
25,ansaParent,1,2,1,-
26,red,1,255,2,-
27,green,1,255,2,-
28,blue,1,255,2,-
29,xTaka,1,377,2,-
30,yTaka,1,-1,2,-
31,fixZ,1,0,2,-
32,rotX,1,120,2,-
33,rotTaka,1,0,2,-
34,fixParam,1,45,2,-
35,fixtureTypeS,1,i.fresu,2,-
36,fixtureType1,1,4,2,-
37,channel,1,4,2,-
38,ansaParent,1,2,2,-
39,red,1,255,3,-
40,green,1,255,3,-
41,blue,1,255,3,-
42,xTaka,1,471,3,-
43,yTaka,1,-2,3,-
44,fixZ,1,0,3,-
45,rotX,1,120,3,-
46,rotTaka,1,0,3,-
47,fixParam,1,45,3,-
48,fixtureTypeS,1,i.fresu,3,-
49,fixtureType1,1,4,3,-
50,channel,1,5,3,-
51,ansaParent,1,2,3,-
52,red,1,255,4,-
53,green,1,255,4,-
54,blue,1,255,4,-
55,xTaka,1,555,4,-
56,yTaka,1,10,4,-
57,fixZ,1,0,4,-
58,rotX,1,120,4,-
59,rotTaka,1,0,4,-
60,fixParam,1,45,4,-
61,fixtureTypeS,1,k.fresu,4,-
62,fixtureType1,1,3,4,-
63,channel,1,6,4,-
64,ansaParent,1,2,4,-
65,red,1,255,5,-
66,green,1,255,5,-
67,blue,1,255,5,-
68,xTaka,1,647,5,-
69,yTaka,1,0,5,-
70,fixZ,1,0,5,-
71,rotX,1,120,5,-
72,rotTaka,1,-15,5,-
73,fixParam,1,16,5,-
74,fixtureTypeS,1,linssi,5,-
75,fixtureType1,1,6,5,-
76,channel,1,2,5,-
77,ansaParent,1,2,5,-
78,red,1,255,6,-
79,green,1,255,6,-
80,blue,1,165,6,-
81,xTaka,1,401,6,-
82,yTaka,1,4,6,-
83,fixZ,1,0,6,-
84,rotX,1,180,6,-
85,rotTaka,1,0,6,-
86,fixParam,1,-80,6,-
87,fixtureTypeS,1,k.fresu,6,-
88,fixtureType1,1,3,6,-
89,channel,1,8,6,-
90,ansaParent,1,1,6,-
91,red,1,255,7,-
92,green,1,0,7,-
93,blue,1,0,7,-
94,xTaka,1,490,7,-
95,yTaka,1,12,7,-
96,fixZ,1,0,7,-
97,rotX,1,180,7,-
98,rotTaka,1,0,7,-
99,fixParam,1,-80,7,-
100,fixtureTypeS,1,p.fresu,7,-
101,fixtureType1,1,2,7,-
102,channel,1,14,7,-
103,ansaParent,1,1,7,-
104,red,1,255,8,-
105,green,1,0,8,-
106,blue,1,0,8,-
107,xTaka,1,299,8,-
108,yTaka,1,8,8,-
109,fixZ,1,0,8,-
110,rotX,1,180,8,-
111,rotTaka,1,0,8,-
112,fixParam,1,-80,8,-
113,fixtureTypeS,1,p.fresu,8,-
114,fixtureType1,1,2,8,-
115,channel,1,13,8,-
116,ansaParent,1,1,8,-
117,red,1,255,9,-
118,green,1,255,9,-
119,blue,1,170,9,-
120,xTaka,1,120,9,-
121,yTaka,1,5,9,-
122,fixZ,1,0,9,-
123,rotX,1,180,9,-
124,rotTaka,1,0,9,-
125,fixParam,1,-80,9,-
126,fixtureTypeS,1,k.fresu,9,-
127,fixtureType1,1,3,9,-
128,channel,1,7,9,-
129,ansaParent,1,1,9,-
130,red,1,255,10,-
131,green,1,255,10,-
132,blue,1,152,10,-
133,xTaka,1,728,10,-
134,yTaka,1,6,10,-
135,fixZ,1,0,10,-
136,rotX,1,180,10,-
137,rotTaka,1,0,10,-
138,fixParam,1,-80,10,-
139,fixtureTypeS,1,k.fresu,10,-
140,fixtureType1,1,3,10,-
141,channel,1,9,10,-
142,ansaParent,1,1,10,-
143,red,1,255,11,-
144,green,1,0,11,-
145,blue,1,0,11,-
146,xTaka,1,578,11,-
147,yTaka,1,14,11,-
148,fixZ,1,0,11,-
149,rotX,1,180,11,-
150,rotTaka,1,0,11,-
151,fixParam,1,-80,11,-
152,fixtureTypeS,1,p.fresu,11,-
153,fixtureType1,1,2,11,-
154,channel,1,14,11,-
155,ansaParent,1,1,11,-
156,red,1,255,12,-
157,green,1,255,12,-
158,blue,1,158,12,-
159,xTaka,1,12,12,-
160,yTaka,1,18,12,-
161,fixZ,1,0,12,-
162,rotX,1,120,12,-
163,rotTaka,1,0,12,-
164,fixParam,1,45,12,-
165,fixtureTypeS,1,flood,12,-
166,fixtureType1,1,5,12,-
167,channel,1,12,12,-
168,ansaParent,1,2,12,-
169,red,1,255,13,-
170,green,1,255,13,-
171,blue,1,158,13,-
172,xTaka,1,54,13,-
173,yTaka,1,18,13,-
174,fixZ,1,0,13,-
175,rotX,1,120,13,-
176,rotTaka,1,0,13,-
177,fixParam,1,45,13,-
178,fixtureTypeS,1,flood,13,-
179,fixtureType1,1,5,13,-
180,channel,1,10,13,-
181,ansaParent,1,2,13,-
182,red,1,255,14,-
183,green,1,0,14,-
184,blue,1,0,14,-
185,xTaka,1,96,14,-
186,yTaka,1,18,14,-
187,fixZ,1,0,14,-
188,rotX,1,240,14,-
189,rotTaka,1,0,14,-
190,fixParam,1,45,14,-
191,fixtureTypeS,1,par64,14,-
192,fixtureType1,1,1,14,-
193,channel,1,15,14,-
194,ansaParent,1,0,14,-
195,red,1,255,15,-
196,green,1,255,15,-
197,blue,1,255,15,-
198,xTaka,1,692,15,-
199,yTaka,1,45,15,-
200,fixZ,1,0,15,-
201,rotX,1,240,15,-
202,rotTaka,1,25,15,-
203,fixParam,1,45,15,-
204,fixtureTypeS,1,fog,15,-
205,fixtureType1,1,21,15,-
206,channel,1,21,15,-
207,ansaParent,1,0,15,-
208,red,1,255,16,-
209,green,1,255,16,-
210,blue,1,255,16,-
211,xTaka,1,414,16,-
212,yTaka,1,143,16,-
213,fixZ,1,0,16,-
214,rotX,1,240,16,-
215,rotTaka,1,0,16,-
216,fixParam,1,45,16,-
217,fixtureTypeS,1,flood,16,-
218,fixtureType1,1,5,16,-
219,channel,1,150,16,-
220,ansaParent,1,5,16,-
221,red,1,255,17,-
222,green,1,255,17,-
223,blue,1,255,17,-
224,xTaka,1,449,17,-
225,yTaka,1,277,17,-
226,fixZ,1,0,17,-
227,rotX,1,240,17,-
228,rotTaka,1,0,17,-
229,fixParam,1,45,17,-
230,fixtureTypeS,1,flood,17,-
231,fixtureType1,1,5,17,-
232,channel,1,150,17,-
233,ansaParent,1,5,17,-
234,red,1,255,18,-
235,green,1,255,18,-
236,blue,1,255,18,-
237,xTaka,1,-28,18,-
238,yTaka,1,43,18,-
239,fixZ,1,0,18,-
240,rotX,1,240,18,-
241,rotTaka,1,-30,18,-
242,fixParam,1,45,18,-
243,fixtureTypeS,1,hazer,18,-
244,fixtureType1,1,20,18,-
245,channel,1,19,18,-
246,ansaParent,1,0,18,-
247,red,1,255,19,-
248,green,1,255,19,-
249,blue,1,170,19,-
250,xTaka,1,187,19,-
251,yTaka,1,18,19,-
252,fixZ,1,0,19,-
253,rotX,1,240,19,-
254,rotTaka,1,0,19,-
255,fixParam,1,45,19,-
256,fixtureTypeS,1,par64,19,-
257,fixtureType1,1,1,19,-
258,channel,1,16,19,-
259,ansaParent,1,0,19,-
260,red,1,255,20,-
261,green,1,0,20,-
262,blue,1,0,20,-
263,xTaka,1,291,20,-
264,yTaka,1,16,20,-
265,fixZ,1,0,20,-
266,rotX,1,240,20,-
267,rotTaka,1,0,20,-
268,fixParam,1,45,20,-
269,fixtureTypeS,1,par64,20,-
270,fixtureType1,1,1,20,-
271,channel,1,15,20,-
272,ansaParent,1,0,20,-
273,red,1,255,21,-
274,green,1,255,21,-
275,blue,1,255,21,-
276,xTaka,1,500,21,-
277,yTaka,1,300,21,-
278,fixZ,1,0,21,-
279,rotX,1,140,21,-
280,rotTaka,1,0,21,-
281,fixParam,1,45,21,-
282,fixtureTypeS,1,lfan,21,-
283,fixtureType1,1,8,21,-
284,channel,1,22,21,-
285,ansaParent,1,1,21,-
286,red,1,255,22,-
287,green,1,255,22,-
288,blue,1,168,22,-
289,xTaka,1,404,22,-
290,yTaka,1,16,22,-
291,fixZ,1,0,22,-
292,rotX,1,240,22,-
293,rotTaka,1,0,22,-
294,fixParam,1,45,22,-
295,fixtureTypeS,1,par64,22,-
296,fixtureType1,1,1,22,-
297,channel,1,16,22,-
298,ansaParent,1,0,22,-
299,red,1,255,23,-
300,green,1,0,23,-
301,blue,1,0,23,-
302,xTaka,1,509,23,-
303,yTaka,1,16,23,-
304,fixZ,1,0,23,-
305,rotX,1,240,23,-
306,rotTaka,1,0,23,-
307,fixParam,1,45,23,-
308,fixtureTypeS,1,par64,23,-
309,fixtureType1,1,1,23,-
310,channel,1,17,23,-
311,ansaParent,1,0,23,-
312,red,1,255,24,-
313,green,1,255,24,-
314,blue,1,163,24,-
315,xTaka,1,616,24,-
316,yTaka,1,18,24,-
317,fixZ,1,0,24,-
318,rotX,1,240,24,-
319,rotTaka,1,0,24,-
320,fixParam,1,45,24,-
321,fixtureTypeS,1,par64,24,-
322,fixtureType1,1,1,24,-
323,channel,1,18,24,-
324,ansaParent,1,0,24,-
325,red,1,255,25,-
326,green,1,255,25,-
327,blue,1,160,25,-
328,xTaka,1,813,25,-
329,yTaka,1,17,25,-
330,fixZ,1,0,25,-
331,rotX,1,120,25,-
332,rotTaka,1,0,25,-
333,fixParam,1,45,25,-
334,fixtureTypeS,1,flood,25,-
335,fixtureType1,1,5,25,-
336,channel,1,10,25,-
337,ansaParent,1,2,25,-
338,red,1,255,26,-
339,green,1,255,26,-
340,blue,1,158,26,-
341,xTaka,1,855,26,-
342,yTaka,1,17,26,-
343,fixZ,1,0,26,-
344,rotX,1,120,26,-
345,rotTaka,1,0,26,-
346,fixParam,1,45,26,-
347,fixtureTypeS,1,flood,26,-
348,fixtureType1,1,5,26,-
349,channel,1,12,26,-
350,ansaParent,1,2,26,-
351,red,1,255,27,-
352,green,1,0,27,-
353,blue,1,0,27,-
354,xTaka,1,208,27,-
355,yTaka,1,10,27,-
356,fixZ,1,0,27,-
357,rotX,1,180,27,-
358,rotTaka,1,0,27,-
359,fixParam,1,-80,27,-
360,fixtureTypeS,1,p.fresu,27,-
361,fixtureType1,1,2,27,-
362,channel,1,13,27,-
363,ansaParent,1,1,27,-
364,red,1,255,28,-
365,green,1,255,28,-
366,blue,1,255,28,-
367,xTaka,1,742,28,-
368,yTaka,1,226,28,-
369,fixZ,1,0,28,-
370,rotX,1,240,28,-
371,rotTaka,1,0,28,-
372,fixParam,1,45,28,-
373,fixtureTypeS,1,flood,28,-
374,fixtureType1,1,5,28,-
375,channel,1,150,28,-
376,ansaParent,1,5,28,-
377,red,1,255,29,-
378,green,1,255,29,-
379,blue,1,255,29,-
380,xTaka,1,683,29,-
381,yTaka,1,199,29,-
382,fixZ,1,0,29,-
383,rotX,1,130,29,-
384,rotTaka,1,0,29,-
385,fixParam,1,-77,29,-
386,fixtureTypeS,1,flood,29,-
387,fixtureType1,1,5,29,-
388,channel,1,150,29,-
389,ansaParent,1,5,29,-
390,red,1,255,30,-
391,green,1,255,30,-
392,blue,1,255,30,-
393,xTaka,1,575,30,-
394,yTaka,1,171,30,-
395,fixZ,1,0,30,-
396,rotX,1,50,30,-
397,rotTaka,1,0,30,-
398,fixParam,1,45,30,-
399,fixtureTypeS,1,flood,30,-
400,fixtureType1,1,5,30,-
401,channel,1,150,30,-
402,ansaParent,1,5,30,-
403,red,1,255,31,-
404,green,1,255,31,-
405,blue,1,255,31,-
406,xTaka,1,863,31,-
407,yTaka,1,136,31,-
408,fixZ,1,0,31,-
409,rotX,1,50,31,-
410,rotTaka,1,0,31,-
411,fixParam,1,45,31,-
412,fixtureTypeS,1,flood,31,-
413,fixtureType1,1,5,31,-
414,channel,1,150,31,-
415,ansaParent,1,5,31,-
416,red,1,255,32,-
417,green,1,255,32,-
418,blue,1,255,32,-
419,xTaka,1,740,32,-
420,yTaka,1,300,32,-
421,fixZ,1,0,32,-
422,rotX,1,140,32,-
423,rotTaka,1,0,32,-
424,fixParam,1,45,32,-
425,fixtureTypeS,1,strobe,32,-
426,fixtureType1,1,9,32,-
427,channel,1,30,32,-
428,ansaParent,1,1,32,-
429,red,1,255,33,-
430,green,1,255,33,-
431,blue,1,255,33,-
432,xTaka,1,0,33,-
433,yTaka,1,300,33,-
434,fixZ,1,0,33,-
435,rotX,1,140,33,-
436,rotTaka,1,0,33,-
437,fixParam,1,45,33,-
438,fixtureTypeS,1,par64,33,-
439,fixtureType1,1,1,33,-
440,channel,1,32,33,-
441,ansaParent,1,1,33,-
442,red,1,255,34,-
443,green,1,255,34,-
444,blue,1,255,34,-
445,xTaka,1,0,34,-
446,yTaka,1,300,34,-
447,fixZ,1,0,34,-
448,rotX,1,140,34,-
449,rotTaka,1,0,34,-
450,fixParam,1,45,34,-
451,fixtureTypeS,1,par64,34,-
452,fixtureType1,1,1,34,-
453,channel,1,33,34,-
454,ansaParent,1,1,34,-
455,red,1,255,35,-
456,green,1,255,35,-
457,blue,1,255,35,-
458,xTaka,1,0,35,-
459,yTaka,1,0,35,-
460,fixZ,1,0,35,-
461,rotX,1,135,35,-
462,rotTaka,1,0,35,-
463,fixParam,1,45,35,-
464,fixtureTypeS,1,par64,35,-
465,fixtureType1,1,1,35,-
466,channel,1,36,35,-
467,ansaParent,1,1,35,-
468,red,1,255,36,-
469,green,1,255,36,-
470,blue,1,255,36,-
471,xTaka,1,0,36,-
472,yTaka,1,0,36,-
473,fixZ,1,0,36,-
474,rotX,1,135,36,-
475,rotTaka,1,0,36,-
476,fixParam,1,45,36,-
477,fixtureTypeS,1,par64,36,-
478,fixtureType1,1,1,36,-
479,channel,1,37,36,-
480,ansaParent,1,1,36,-
481,red,1,255,37,-
482,green,1,255,37,-
483,blue,1,255,37,-
484,xTaka,1,0,37,-
485,yTaka,1,0,37,-
486,fixZ,1,0,37,-
487,rotX,1,135,37,-
488,rotTaka,1,0,37,-
489,fixParam,1,45,37,-
490,fixtureTypeS,1,par64,37,-
491,fixtureType1,1,1,37,-
492,channel,1,38,37,-
493,ansaParent,1,1,37,-
494,red,1,0,38,-
495,green,1,255,38,-
496,blue,1,255,38,-
497,xTaka,1,0,38,-
498,yTaka,1,0,38,-
499,fixZ,1,0,38,-
500,rotX,1,135,38,-
501,rotTaka,1,0,38,-
502,fixParam,1,45,38,-
503,fixtureTypeS,1,par64,38,-
504,fixtureType1,1,1,38,-
505,channel,1,39,38,-
506,ansaParent,1,1,38,-
507,red,1,0,39,-
508,green,1,255,39,-
509,blue,1,255,39,-
510,xTaka,1,0,39,-
511,yTaka,1,0,39,-
512,fixZ,1,0,39,-
513,rotX,1,135,39,-
514,rotTaka,1,0,39,-
515,fixParam,1,45,39,-
516,fixtureTypeS,1,par64,39,-
517,fixtureType1,1,1,39,-
518,channel,1,40,39,-
519,ansaParent,1,1,39,-
520,red,1,255,40,-
521,green,1,255,40,-
522,blue,1,0,40,-
523,xTaka,1,0,40,-
524,yTaka,1,0,40,-
525,fixZ,1,0,40,-
526,rotX,1,140,40,-
527,rotTaka,1,0,40,-
528,fixParam,1,45,40,-
529,fixtureTypeS,1,par64,40,-
530,fixtureType1,1,1,40,-
531,channel,1,20,40,-
532,ansaParent,1,1,40,-
533,red,1,0,41,-
534,green,1,0,41,-
535,blue,1,0,41,-
536,xTaka,1,0,41,-
537,yTaka,1,0,41,-
538,fixZ,1,0,41,-
539,rotX,1,140,41,-
540,rotTaka,1,0,41,-
541,fixParam,1,45,41,-
542,fixtureTypeS,1,par64,41,-
543,fixtureType1,1,1,41,-
544,channel,1,21,41,-
545,ansaParent,1,1,41,-
546,red,1,0,42,-
547,green,1,0,42,-
548,blue,1,255,42,-
549,xTaka,1,0,42,-
550,yTaka,1,0,42,-
551,fixZ,1,0,42,-
552,rotX,1,140,42,-
553,rotTaka,1,0,42,-
554,fixParam,1,45,42,-
555,fixtureTypeS,1,par64,42,-
556,fixtureType1,1,1,42,-
557,channel,1,22,42,-
558,ansaParent,1,1,42,-
559,red,1,255,43,-
560,green,1,255,43,-
561,blue,1,0,43,-
562,xTaka,1,0,43,-
563,yTaka,1,0,43,-
564,fixZ,1,0,43,-
565,rotX,1,140,43,-
566,rotTaka,1,0,43,-
567,fixParam,1,45,43,-
568,fixtureTypeS,1,par64,43,-
569,fixtureType1,1,1,43,-
570,channel,1,23,43,-
571,ansaParent,1,1,43,-
572,red,1,0,44,-
573,green,1,0,44,-
574,blue,1,0,44,-
575,xTaka,1,0,44,-
576,yTaka,1,0,44,-
577,fixZ,1,0,44,-
578,rotX,1,140,44,-
579,rotTaka,1,0,44,-
580,fixParam,1,45,44,-
581,fixtureTypeS,1,par64,44,-
582,fixtureType1,1,1,44,-
583,channel,1,24,44,-
584,ansaParent,1,1,44,-
585,red,1,0,45,-
586,green,1,0,45,-
587,blue,1,255,45,-
588,xTaka,1,0,45,-
589,yTaka,1,0,45,-
590,fixZ,1,0,45,-
591,rotX,1,140,45,-
592,rotTaka,1,0,45,-
593,fixParam,1,45,45,-
594,fixtureTypeS,1,par64,45,-
595,fixtureType1,1,1,45,-
596,channel,1,25,45,-
597,ansaParent,1,1,45,-
598,red,1,255,46,-
599,green,1,255,46,-
600,blue,1,0,46,-
601,xTaka,1,0,46,-
602,yTaka,1,0,46,-
603,fixZ,1,0,46,-
604,rotX,1,140,46,-
605,rotTaka,1,0,46,-
606,fixParam,1,45,46,-
607,fixtureTypeS,1,par64,46,-
608,fixtureType1,1,1,46,-
609,channel,1,26,46,-
610,ansaParent,1,1,46,-
611,red,1,0,47,-
612,green,1,0,47,-
613,blue,1,0,47,-
614,xTaka,1,0,47,-
615,yTaka,1,0,47,-
616,fixZ,1,0,47,-
617,rotX,1,140,47,-
618,rotTaka,1,0,47,-
619,fixParam,1,45,47,-
620,fixtureTypeS,1,par64,47,-
621,fixtureType1,1,1,47,-
622,channel,1,27,47,-
623,ansaParent,1,1,47,-
624,red,1,0,48,-
625,green,1,0,48,-
626,blue,1,255,48,-
627,xTaka,1,0,48,-
628,yTaka,1,0,48,-
629,fixZ,1,0,48,-
630,rotX,1,140,48,-
631,rotTaka,1,0,48,-
632,fixParam,1,45,48,-
633,fixtureTypeS,1,par64,48,-
634,fixtureType1,1,1,48,-
635,channel,1,28,48,-
636,ansaParent,1,1,48,-
637,red,1,0,49,-
638,green,1,255,49,-
639,blue,1,0,49,-
640,xTaka,1,0,49,-
641,yTaka,1,0,49,-
642,fixZ,1,0,49,-
643,rotX,1,135,49,-
644,rotTaka,1,0,49,-
645,fixParam,1,45,49,-
646,fixtureTypeS,1,par64,49,-
647,fixtureType1,1,1,49,-
648,channel,1,50,49,-
649,ansaParent,1,1,49,-
650,red,1,255,50,-
651,green,1,0,50,-
652,blue,1,0,50,-
653,xTaka,1,0,50,-
654,yTaka,1,0,50,-
655,fixZ,1,0,50,-
656,rotX,1,135,50,-
657,rotTaka,1,0,50,-
658,fixParam,1,45,50,-
659,fixtureTypeS,1,par64,50,-
660,fixtureType1,1,1,50,-
661,channel,1,51,50,-
662,ansaParent,1,1,50,-
663,red,1,255,51,-
664,green,1,0,51,-
665,blue,1,0,51,-
666,xTaka,1,0,51,-
667,yTaka,1,0,51,-
668,fixZ,1,0,51,-
669,rotX,1,135,51,-
670,rotTaka,1,0,51,-
671,fixParam,1,45,51,-
672,fixtureTypeS,1,par64,51,-
673,fixtureType1,1,1,51,-
674,channel,1,52,51,-
675,ansaParent,1,1,51,-
676,red,1,255,52,-
677,green,1,0,52,-
678,blue,1,255,52,-
679,xTaka,1,0,52,-
680,yTaka,1,0,52,-
681,fixZ,1,0,52,-
682,rotX,1,135,52,-
683,rotTaka,1,0,52,-
684,fixParam,1,45,52,-
685,fixtureTypeS,1,par64,52,-
686,fixtureType1,1,1,52,-
687,channel,1,53,52,-
688,ansaParent,1,1,52,-
689,red,1,255,53,-
690,green,1,255,53,-
691,blue,1,255,53,-
692,xTaka,1,0,53,-
693,yTaka,1,0,53,-
694,fixZ,1,0,53,-
695,rotX,1,135,53,-
696,rotTaka,1,0,53,-
697,fixParam,1,45,53,-
698,fixtureTypeS,1,par64,53,-
699,fixtureType1,1,1,53,-
700,channel,1,54,53,-
701,ansaParent,1,1,53,-
702,red,1,255,54,-
703,green,1,255,54,-
704,blue,1,255,54,-
705,xTaka,1,0,54,-
706,yTaka,1,0,54,-
707,fixZ,1,0,54,-
708,rotX,1,135,54,-
709,rotTaka,1,0,54,-
710,fixParam,1,45,54,-
711,fixtureTypeS,1,par64,54,-
712,fixtureType1,1,1,54,-
713,channel,1,55,54,-
714,ansaParent,1,1,54,-
715,red,1,255,55,-
716,green,1,255,55,-
717,blue,1,255,55,-
718,xTaka,1,0,55,-
719,yTaka,1,0,55,-
720,fixZ,1,0,55,-
721,rotX,1,135,55,-
722,rotTaka,1,0,55,-
723,fixParam,1,45,55,-
724,fixtureTypeS,1,par64,55,-
725,fixtureType1,1,1,55,-
726,channel,1,56,55,-
727,ansaParent,1,1,55,-
728,red,1,255,56,-
729,green,1,255,56,-
730,blue,1,255,56,-
731,xTaka,1,0,56,-
732,yTaka,1,0,56,-
733,fixZ,1,0,56,-
734,rotX,1,135,56,-
735,rotTaka,1,0,56,-
736,fixParam,1,45,56,-
737,fixtureTypeS,1,par64,56,-
738,fixtureType1,1,1,56,-
739,channel,1,57,56,-
740,ansaParent,1,1,56,-
741,red,1,255,57,-
742,green,1,255,57,-
743,blue,1,255,57,-
744,xTaka,1,0,57,-
745,yTaka,1,0,57,-
746,fixZ,1,0,57,-
747,rotX,1,135,57,-
748,rotTaka,1,0,57,-
749,fixParam,1,45,57,-
750,fixtureTypeS,1,par64,57,-
751,fixtureType1,1,1,57,-
752,channel,1,58,57,-
753,ansaParent,1,1,57,-
754,red,1,255,58,-
755,green,1,255,58,-
756,blue,1,255,58,-
757,xTaka,1,0,58,-
758,yTaka,1,0,58,-
759,fixZ,1,0,58,-
760,rotX,1,135,58,-
761,rotTaka,1,0,58,-
762,fixParam,1,45,58,-
763,fixtureTypeS,1,par64,58,-
764,fixtureType1,1,1,58,-
765,channel,1,59,58,-
766,ansaParent,1,1,58,-
767,red,1,255,59,-
768,green,1,255,59,-
769,blue,1,255,59,-
770,xTaka,1,0,59,-
771,yTaka,1,0,59,-
772,fixZ,1,0,59,-
773,rotX,1,135,59,-
774,rotTaka,1,0,59,-
775,fixParam,1,45,59,-
776,fixtureTypeS,1,par64,59,-
777,fixtureType1,1,1,59,-
778,channel,1,60,59,-
779,ansaParent,1,1,59,-
780,red,1,255,60,-
781,green,1,255,60,-
782,blue,1,255,60,-
783,xTaka,1,0,60,-
784,yTaka,1,0,60,-
785,fixZ,1,0,60,-
786,rotX,1,135,60,-
787,rotTaka,1,0,60,-
788,fixParam,1,45,60,-
789,fixtureTypeS,1,par64,60,-
790,fixtureType1,1,1,60,-
791,channel,1,61,60,-
792,ansaParent,1,1,60,-
793,red,1,255,61,-
794,green,1,255,61,-
795,blue,1,255,61,-
796,xTaka,1,0,61,-
797,yTaka,1,0,61,-
798,fixZ,1,0,61,-
799,rotX,1,135,61,-
800,rotTaka,1,0,61,-
801,fixParam,1,45,61,-
802,fixtureTypeS,1,par64,61,-
803,fixtureType1,1,1,61,-
804,channel,1,62,61,-
805,ansaParent,1,1,61,-
806,red,1,255,62,-
807,green,1,255,62,-
808,blue,1,255,62,-
809,xTaka,1,0,62,-
810,yTaka,1,0,62,-
811,fixZ,1,0,62,-
812,rotX,1,135,62,-
813,rotTaka,1,0,62,-
814,fixParam,1,45,62,-
815,fixtureTypeS,1,par64,62,-
816,fixtureType1,1,1,62,-
817,channel,1,63,62,-
818,ansaParent,1,1,62,-
819,red,1,255,63,-
820,green,1,255,63,-
821,blue,1,255,63,-
822,xTaka,1,0,63,-
823,yTaka,1,0,63,-
824,fixZ,1,0,63,-
825,rotX,1,135,63,-
826,rotTaka,1,0,63,-
827,fixParam,1,45,63,-
828,fixtureTypeS,1,par64,63,-
829,fixtureType1,1,1,63,-
830,channel,1,64,63,-
831,ansaParent,1,1,63,-
832,red,1,255,64,-
833,green,1,255,64,-
834,blue,1,255,64,-
835,xTaka,1,0,64,-
836,yTaka,1,0,64,-
837,fixZ,1,0,64,-
838,rotX,1,135,64,-
839,rotTaka,1,0,64,-
840,fixParam,1,45,64,-
841,fixtureTypeS,1,par64,64,-
842,fixtureType1,1,1,64,-
843,channel,1,65,64,-
844,ansaParent,1,1,64,-
845,red,1,255,65,-
846,green,1,255,65,-
847,blue,1,255,65,-
848,xTaka,1,0,65,-
849,yTaka,1,0,65,-
850,fixZ,1,0,65,-
851,rotX,1,135,65,-
852,rotTaka,1,0,65,-
853,fixParam,1,45,65,-
854,fixtureTypeS,1,par64,65,-
855,fixtureType1,1,1,65,-
856,channel,1,66,65,-
857,ansaParent,1,1,65,-
858,red,1,255,66,-
859,green,1,255,66,-
860,blue,1,255,66,-
861,xTaka,1,0,66,-
862,yTaka,1,0,66,-
863,fixZ,1,0,66,-
864,rotX,1,135,66,-
865,rotTaka,1,0,66,-
866,fixParam,1,45,66,-
867,fixtureTypeS,1,par64,66,-
868,fixtureType1,1,1,66,-
869,channel,1,67,66,-
870,ansaParent,1,1,66,-
871,red,1,255,67,-
872,green,1,255,67,-
873,blue,1,255,67,-
874,xTaka,1,0,67,-
875,yTaka,1,0,67,-
876,fixZ,1,0,67,-
877,rotX,1,135,67,-
878,rotTaka,1,0,67,-
879,fixParam,1,45,67,-
880,fixtureTypeS,1,par64,67,-
881,fixtureType1,1,1,67,-
882,channel,1,68,67,-
883,ansaParent,1,1,67,-
884,red,1,255,68,-
885,green,1,255,68,-
886,blue,1,255,68,-
887,xTaka,1,0,68,-
888,yTaka,1,0,68,-
889,fixZ,1,0,68,-
890,rotX,1,135,68,-
891,rotTaka,1,0,68,-
892,fixParam,1,45,68,-
893,fixtureTypeS,1,par64,68,-
894,fixtureType1,1,1,68,-
895,channel,1,69,68,-
896,ansaParent,1,1,68,-
897,red,1,255,69,-
898,green,1,255,69,-
899,blue,1,255,69,-
900,xTaka,1,0,69,-
901,yTaka,1,0,69,-
902,fixZ,1,0,69,-
903,rotX,1,135,69,-
904,rotTaka,1,0,69,-
905,fixParam,1,45,69,-
906,fixtureTypeS,1,par64,69,-
907,fixtureType1,1,1,69,-
908,channel,1,70,69,-
909,ansaParent,1,1,69,-
910,red,1,255,70,-
911,green,1,255,70,-
912,blue,1,255,70,-
913,xTaka,1,0,70,-
914,yTaka,1,0,70,-
915,fixZ,1,0,70,-
916,rotX,1,135,70,-
917,rotTaka,1,0,70,-
918,fixParam,1,45,70,-
919,fixtureTypeS,1,par64,70,-
920,fixtureType1,1,1,70,-
921,channel,1,71,70,-
922,ansaParent,1,1,70,-
923,red,1,255,71,-
924,green,1,255,71,-
925,blue,1,255,71,-
926,xTaka,1,0,71,-
927,yTaka,1,0,71,-
928,fixZ,1,0,71,-
929,rotX,1,135,71,-
930,rotTaka,1,0,71,-
931,fixParam,1,45,71,-
932,fixtureTypeS,1,par64,71,-
933,fixtureType1,1,1,71,-
934,channel,1,72,71,-
935,ansaParent,1,1,71,-
936,red,1,255,72,-
937,green,1,255,72,-
938,blue,1,255,72,-
939,xTaka,1,0,72,-
940,yTaka,1,0,72,-
941,fixZ,1,0,72,-
942,rotX,1,135,72,-
943,rotTaka,1,0,72,-
944,fixParam,1,45,72,-
945,fixtureTypeS,1,par64,72,-
946,fixtureType1,1,1,72,-
947,channel,1,73,72,-
948,ansaParent,1,1,72,-
949,red,1,255,73,-
950,green,1,255,73,-
951,blue,1,255,73,-
952,xTaka,1,0,73,-
953,yTaka,1,0,73,-
954,fixZ,1,0,73,-
955,rotX,1,135,73,-
956,rotTaka,1,0,73,-
957,fixParam,1,45,73,-
958,fixtureTypeS,1,par64,73,-
959,fixtureType1,1,1,73,-
960,channel,1,74,73,-
961,ansaParent,1,1,73,-
962,red,1,255,74,-
963,green,1,255,74,-
964,blue,1,255,74,-
965,xTaka,1,0,74,-
966,yTaka,1,0,74,-
967,fixZ,1,0,74,-
968,rotX,1,135,74,-
969,rotTaka,1,0,74,-
970,fixParam,1,45,74,-
971,fixtureTypeS,1,par64,74,-
972,fixtureType1,1,1,74,-
973,channel,1,75,74,-
974,ansaParent,1,1,74,-
975,red,1,0,75,-
976,green,1,255,75,-
977,blue,1,255,75,-
978,xTaka,1,0,75,-
979,yTaka,1,0,75,-
980,fixZ,1,0,75,-
981,rotX,1,135,75,-
982,rotTaka,1,0,75,-
983,fixParam,1,45,75,-
984,fixtureTypeS,1,par64,75,-
985,fixtureType1,1,1,75,-
986,channel,1,76,75,-
987,ansaParent,1,1,75,-
988,red,1,0,76,-
989,green,1,255,76,-
990,blue,1,255,76,-
991,xTaka,1,0,76,-
992,yTaka,1,0,76,-
993,fixZ,1,0,76,-
994,rotX,1,135,76,-
995,rotTaka,1,0,76,-
996,fixParam,1,45,76,-
997,fixtureTypeS,1,par64,76,-
998,fixtureType1,1,1,76,-
999,channel,1,77,76,-
1000,ansaParent,1,1,76,-
1001,red,1,255,77,-
1002,green,1,255,77,-
1003,blue,1,0,77,-
1004,xTaka,1,0,77,-
1005,yTaka,1,0,77,-
1006,fixZ,1,0,77,-
1007,rotX,1,135,77,-
1008,rotTaka,1,0,77,-
1009,fixParam,1,45,77,-
1010,fixtureTypeS,1,par64,77,-
1011,fixtureType1,1,1,77,-
1012,channel,1,78,77,-
1013,ansaParent,1,1,77,-
1014,red,1,0,78,-
1015,green,1,0,78,-
1016,blue,1,0,78,-
1017,xTaka,1,0,78,-
1018,yTaka,1,0,78,-
1019,fixZ,1,0,78,-
1020,rotX,1,135,78,-
1021,rotTaka,1,0,78,-
1022,fixParam,1,45,78,-
1023,fixtureTypeS,1,par64,78,-
1024,fixtureType1,1,1,78,-
1025,channel,1,79,78,-
1026,ansaParent,1,1,78,-
1027,red,1,0,79,-
1028,green,1,0,79,-
1029,blue,1,255,79,-
1030,xTaka,1,0,79,-
1031,yTaka,1,0,79,-
1032,fixZ,1,0,79,-
1033,rotX,1,135,79,-
1034,rotTaka,1,0,79,-
1035,fixParam,1,45,79,-
1036,fixtureTypeS,1,par64,79,-
1037,fixtureType1,1,1,79,-
1038,channel,1,80,79,-
1039,ansaParent,1,1,79,-
1040,red,1,255,80,-
1041,green,1,255,80,-
1042,blue,1,0,80,-
1043,xTaka,1,0,80,-
1044,yTaka,1,0,80,-
1045,fixZ,1,0,80,-
1046,rotX,1,135,80,-
1047,rotTaka,1,0,80,-
1048,fixParam,1,45,80,-
1049,fixtureTypeS,1,par64,80,-
1050,fixtureType1,1,1,80,-
1051,channel,1,0,80,-
1052,ansaParent,1,1,80,-
1053,whatToSave,2,1,3,0
1054,whatToSave,2,1,4,0
1055,whatToSave,2,1,5,0
1056,whatToSave,2,1,6,0
1057,whatToSave,2,1,7,0
1058,whatToSave,2,1,8,0
1059,whatToSave,2,1,9,0
1060,whatToSave,2,1,10,0
1061,whatToSave,2,1,11,7
1062,whatToSave,2,1,11,8
1063,whatToSave,2,1,12,9
1064,whatToSave,2,1,18,7
1065,whatToSave,2,1,18,8
1066,whatToSave,2,1,18,9
1067,repOF:dimmer,2,255,0,3
1068,repOF:dimmer,2,0,0,4
1069,repOF:dimmer,2,255,0,5
1070,repOF:dimmer,2,0,0,6
1071,repOF:dimmer,2,0,0,7
1072,repOF:dimmer,2,0,0,8
1073,repOF:dimmer,2,0,0,9
1074,repOF:dimmer,2,0,0,10
1075,repOF:dimmer,2,255,1,3
1076,repOF:dimmer,2,255,1,4
1077,repOF:dimmer,2,0,1,5
1078,repOF:dimmer,2,0,1,6
1079,repOF:dimmer,2,0,1,7
1080,repOF:dimmer,2,0,1,8
1081,repOF:dimmer,2,0,1,9
1082,repOF:dimmer,2,0,1,10
1083,repOF:dimmer,2,255,2,3
1084,repOF:dimmer,2,255,2,4
1085,repOF:dimmer,2,0,2,5
1086,repOF:dimmer,2,0,2,6
1087,repOF:dimmer,2,0,2,7
1088,repOF:dimmer,2,0,2,8
1089,repOF:dimmer,2,0,2,9
1090,repOF:dimmer,2,0,2,10
1091,repOF:dimmer,2,255,3,3
1092,repOF:dimmer,2,255,3,4
1093,repOF:dimmer,2,0,3,5
1094,repOF:dimmer,2,0,3,6
1095,repOF:dimmer,2,0,3,7
1096,repOF:dimmer,2,0,3,8
1097,repOF:dimmer,2,0,3,9
1098,repOF:dimmer,2,0,3,10
1099,repOF:dimmer,2,255,4,3
1100,repOF:dimmer,2,255,4,4
1101,repOF:dimmer,2,0,4,5
1102,repOF:dimmer,2,0,4,6
1103,repOF:dimmer,2,0,4,7
1104,repOF:dimmer,2,0,4,8
1105,repOF:dimmer,2,0,4,9
1106,repOF:dimmer,2,0,4,10
1107,repOF:dimmer,2,255,5,3
1108,repOF:dimmer,2,0,5,4
1109,repOF:dimmer,2,255,5,5
1110,repOF:dimmer,2,0,5,6
1111,repOF:dimmer,2,0,5,7
1112,repOF:dimmer,2,0,5,8
1113,repOF:dimmer,2,0,5,9
1114,repOF:dimmer,2,0,5,10
1115,repOF:dimmer,2,0,6,3
1116,repOF:dimmer,2,0,6,4
1117,repOF:dimmer,2,0,6,5
1118,repOF:dimmer,2,0,6,6
1119,repOF:dimmer,2,255,6,7
1120,repOF:dimmer,2,0,6,8
1121,repOF:dimmer,2,0,6,9
1122,repOF:dimmer,2,0,6,10
1123,repOF:dimmer,2,0,7,3
1124,repOF:dimmer,2,0,7,4
1125,repOF:dimmer,2,0,7,5
1126,repOF:dimmer,2,0,7,6
1127,repOF:dimmer,2,0,7,7
1128,repOF:dimmer,2,255,7,8
1129,repOF:dimmer,2,0,7,9
1130,repOF:dimmer,2,0,7,10
1131,repOF:dimmer,2,0,8,3
1132,repOF:dimmer,2,0,8,4
1133,repOF:dimmer,2,0,8,5
1134,repOF:dimmer,2,0,8,6
1135,repOF:dimmer,2,0,8,7
1136,repOF:dimmer,2,255,8,8
1137,repOF:dimmer,2,0,8,9
1138,repOF:dimmer,2,0,8,10
1139,repOF:dimmer,2,0,9,3
1140,repOF:dimmer,2,0,9,4
1141,repOF:dimmer,2,0,9,5
1142,repOF:dimmer,2,0,9,6
1143,repOF:dimmer,2,255,9,7
1144,repOF:dimmer,2,0,9,8
1145,repOF:dimmer,2,0,9,9
1146,repOF:dimmer,2,0,9,10
1147,repOF:dimmer,2,0,10,3
1148,repOF:dimmer,2,0,10,4
1149,repOF:dimmer,2,0,10,5
1150,repOF:dimmer,2,0,10,6
1151,repOF:dimmer,2,255,10,7
1152,repOF:dimmer,2,0,10,8
1153,repOF:dimmer,2,0,10,9
1154,repOF:dimmer,2,0,10,10
1155,repOF:dimmer,2,0,11,3
1156,repOF:dimmer,2,0,11,4
1157,repOF:dimmer,2,0,11,5
1158,repOF:dimmer,2,0,11,6
1159,repOF:dimmer,2,0,11,7
1160,repOF:dimmer,2,255,11,8
1161,repOF:dimmer,2,0,11,9
1162,repOF:dimmer,2,0,11,10
1163,repOF:dimmer,2,0,12,3
1164,repOF:dimmer,2,0,12,4
1165,repOF:dimmer,2,0,12,5
1166,repOF:dimmer,2,255,12,6
1167,repOF:dimmer,2,0,12,7
1168,repOF:dimmer,2,0,12,8
1169,repOF:dimmer,2,0,12,9
1170,repOF:dimmer,2,0,12,10
1171,repOF:dimmer,2,0,13,3
1172,repOF:dimmer,2,0,13,4
1173,repOF:dimmer,2,0,13,5
1174,repOF:dimmer,2,255,13,6
1175,repOF:dimmer,2,0,13,7
1176,repOF:dimmer,2,0,13,8
1177,repOF:dimmer,2,0,13,9
1178,repOF:dimmer,2,0,13,10
1179,repOF:dimmer,2,0,14,3
1180,repOF:dimmer,2,0,14,4
1181,repOF:dimmer,2,0,14,5
1182,repOF:dimmer,2,0,14,6
1183,repOF:dimmer,2,0,14,7
1184,repOF:dimmer,2,0,14,8
1185,repOF:dimmer,2,255,14,9
1186,repOF:dimmer,2,0,14,10
1187,repOF:dimmer,2,0,15,3
1188,repOF:dimmer,2,0,15,4
1189,repOF:dimmer,2,0,15,5
1190,repOF:dimmer,2,0,15,6
1191,repOF:dimmer,2,0,15,7
1192,repOF:dimmer,2,0,15,8
1193,repOF:dimmer,2,0,15,9
1194,repOF:dimmer,2,0,15,10
1195,repOF:dimmer,2,0,16,3
1196,repOF:dimmer,2,0,16,4
1197,repOF:dimmer,2,0,16,5
1198,repOF:dimmer,2,0,16,6
1199,repOF:dimmer,2,0,16,7
1200,repOF:dimmer,2,0,16,8
1201,repOF:dimmer,2,0,16,9
1202,repOF:dimmer,2,0,16,10
1203,repOF:dimmer,2,0,17,3
1204,repOF:dimmer,2,0,17,4
1205,repOF:dimmer,2,0,17,5
1206,repOF:dimmer,2,0,17,6
1207,repOF:dimmer,2,0,17,7
1208,repOF:dimmer,2,0,17,8
1209,repOF:dimmer,2,0,17,9
1210,repOF:dimmer,2,0,17,10
1211,repOF:dimmer,2,0,18,3
1212,repOF:dimmer,2,0,18,4
1213,repOF:dimmer,2,0,18,5
1214,repOF:dimmer,2,0,18,6
1215,repOF:dimmer,2,0,18,7
1216,repOF:dimmer,2,0,18,8
1217,repOF:dimmer,2,0,18,9
1218,repOF:dimmer,2,0,18,10
1219,repOF:dimmer,2,0,19,3
1220,repOF:dimmer,2,0,19,4
1221,repOF:dimmer,2,0,19,5
1222,repOF:dimmer,2,0,19,6
1223,repOF:dimmer,2,0,19,7
1224,repOF:dimmer,2,0,19,8
1225,repOF:dimmer,2,0,19,9
1226,repOF:dimmer,2,255,19,10
1227,repOF:dimmer,2,0,20,3
1228,repOF:dimmer,2,0,20,4
1229,repOF:dimmer,2,0,20,5
1230,repOF:dimmer,2,0,20,6
1231,repOF:dimmer,2,0,20,7
1232,repOF:dimmer,2,0,20,8
1233,repOF:dimmer,2,255,20,9
1234,repOF:dimmer,2,0,20,10
1235,repOF:dimmer,2,0,21,3
1236,repOF:dimmer,2,0,21,4
1237,repOF:dimmer,2,0,21,5
1238,repOF:dimmer,2,0,21,6
1239,repOF:dimmer,2,0,21,7
1240,repOF:dimmer,2,0,21,8
1241,repOF:dimmer,2,0,21,9
1242,repOF:dimmer,2,0,21,10
1243,repOF:dimmer,2,0,22,3
1244,repOF:dimmer,2,0,22,4
1245,repOF:dimmer,2,0,22,5
1246,repOF:dimmer,2,0,22,6
1247,repOF:dimmer,2,0,22,7
1248,repOF:dimmer,2,0,22,8
1249,repOF:dimmer,2,0,22,9
1250,repOF:dimmer,2,255,22,10
1251,repOF:dimmer,2,0,23,3
1252,repOF:dimmer,2,0,23,4
1253,repOF:dimmer,2,0,23,5
1254,repOF:dimmer,2,0,23,6
1255,repOF:dimmer,2,0,23,7
1256,repOF:dimmer,2,0,23,8
1257,repOF:dimmer,2,255,23,9
1258,repOF:dimmer,2,0,23,10
1259,repOF:dimmer,2,0,24,3
1260,repOF:dimmer,2,0,24,4
1261,repOF:dimmer,2,0,24,5
1262,repOF:dimmer,2,0,24,6
1263,repOF:dimmer,2,0,24,7
1264,repOF:dimmer,2,0,24,8
1265,repOF:dimmer,2,0,24,9
1266,repOF:dimmer,2,255,24,10
1267,repOF:dimmer,2,0,25,3
1268,repOF:dimmer,2,0,25,4
1269,repOF:dimmer,2,0,25,5
1270,repOF:dimmer,2,255,25,6
1271,repOF:dimmer,2,0,25,7
1272,repOF:dimmer,2,0,25,8
1273,repOF:dimmer,2,0,25,9
1274,repOF:dimmer,2,0,25,10
1275,repOF:dimmer,2,0,26,3
1276,repOF:dimmer,2,0,26,4
1277,repOF:dimmer,2,0,26,5
1278,repOF:dimmer,2,255,26,6
1279,repOF:dimmer,2,0,26,7
1280,repOF:dimmer,2,0,26,8
1281,repOF:dimmer,2,0,26,9
1282,repOF:dimmer,2,0,26,10
1283,repOF:dimmer,2,0,27,3
1284,repOF:dimmer,2,0,27,4
1285,repOF:dimmer,2,0,27,5
1286,repOF:dimmer,2,0,27,6
1287,repOF:dimmer,2,0,27,7
1288,repOF:dimmer,2,255,27,8
1289,repOF:dimmer,2,0,27,9
1290,repOF:dimmer,2,0,27,10
1291,repOF:dimmer,2,0,28,3
1292,repOF:dimmer,2,0,28,4
1293,repOF:dimmer,2,0,28,5
1294,repOF:dimmer,2,0,28,6
1295,repOF:dimmer,2,0,28,7
1296,repOF:dimmer,2,0,28,8
1297,repOF:dimmer,2,0,28,9
1298,repOF:dimmer,2,0,28,10
1299,repOF:dimmer,2,0,29,3
1300,repOF:dimmer,2,0,29,4
1301,repOF:dimmer,2,0,29,5
1302,repOF:dimmer,2,0,29,6
1303,repOF:dimmer,2,0,29,7
1304,repOF:dimmer,2,0,29,8
1305,repOF:dimmer,2,0,29,9
1306,repOF:dimmer,2,0,29,10
1307,repOF:dimmer,2,0,30,3
1308,repOF:dimmer,2,0,30,4
1309,repOF:dimmer,2,0,30,5
1310,repOF:dimmer,2,0,30,6
1311,repOF:dimmer,2,0,30,7
1312,repOF:dimmer,2,0,30,8
1313,repOF:dimmer,2,0,30,9
1314,repOF:dimmer,2,0,30,10
1315,repOF:dimmer,2,0,31,3
1316,repOF:dimmer,2,0,31,4
1317,repOF:dimmer,2,0,31,5
1318,repOF:dimmer,2,0,31,6
1319,repOF:dimmer,2,0,31,7
1320,repOF:dimmer,2,0,31,8
1321,repOF:dimmer,2,0,31,9
1322,repOF:dimmer,2,0,31,10
1323,repOF:dimmer,2,0,32,3
1324,repOF:dimmer,2,0,32,4
1325,repOF:dimmer,2,0,32,5
1326,repOF:dimmer,2,0,32,6
1327,repOF:dimmer,2,0,32,7
1328,repOF:dimmer,2,0,32,8
1329,repOF:dimmer,2,0,32,9
1330,repOF:dimmer,2,0,32,10
1331,repOF:dimmer,2,0,33,3
1332,repOF:dimmer,2,0,33,4
1333,repOF:dimmer,2,0,33,5
1334,repOF:dimmer,2,0,33,6
1335,repOF:dimmer,2,0,33,7
1336,repOF:dimmer,2,0,33,8
1337,repOF:dimmer,2,0,33,9
1338,repOF:dimmer,2,0,33,10
1339,repOF:dimmer,2,0,34,3
1340,repOF:dimmer,2,0,34,4
1341,repOF:dimmer,2,0,34,5
1342,repOF:dimmer,2,0,34,6
1343,repOF:dimmer,2,0,34,7
1344,repOF:dimmer,2,0,34,8
1345,repOF:dimmer,2,0,34,9
1346,repOF:dimmer,2,0,34,10
1347,repOF:dimmer,2,0,35,3
1348,repOF:dimmer,2,0,35,4
1349,repOF:dimmer,2,0,35,5
1350,repOF:dimmer,2,0,35,6
1351,repOF:dimmer,2,0,35,7
1352,repOF:dimmer,2,0,35,8
1353,repOF:dimmer,2,0,35,9
1354,repOF:dimmer,2,0,35,10
1355,repOF:dimmer,2,0,36,3
1356,repOF:dimmer,2,0,36,4
1357,repOF:dimmer,2,0,36,5
1358,repOF:dimmer,2,0,36,6
1359,repOF:dimmer,2,0,36,7
1360,repOF:dimmer,2,0,36,8
1361,repOF:dimmer,2,0,36,9
1362,repOF:dimmer,2,0,36,10
1363,repOF:dimmer,2,0,37,3
1364,repOF:dimmer,2,0,37,4
1365,repOF:dimmer,2,0,37,5
1366,repOF:dimmer,2,0,37,6
1367,repOF:dimmer,2,0,37,7
1368,repOF:dimmer,2,0,37,8
1369,repOF:dimmer,2,0,37,9
1370,repOF:dimmer,2,0,37,10
1371,repOF:dimmer,2,0,38,3
1372,repOF:dimmer,2,0,38,4
1373,repOF:dimmer,2,0,38,5
1374,repOF:dimmer,2,0,38,6
1375,repOF:dimmer,2,0,38,7
1376,repOF:dimmer,2,0,38,8
1377,repOF:dimmer,2,0,38,9
1378,repOF:dimmer,2,0,38,10
1379,repOF:dimmer,2,0,39,3
1380,repOF:dimmer,2,0,39,4
1381,repOF:dimmer,2,0,39,5
1382,repOF:dimmer,2,0,39,6
1383,repOF:dimmer,2,0,39,7
1384,repOF:dimmer,2,0,39,8
1385,repOF:dimmer,2,0,39,9
1386,repOF:dimmer,2,0,39,10
1387,repOF:dimmer,2,0,40,3
1388,repOF:dimmer,2,0,40,4
1389,repOF:dimmer,2,0,40,5
1390,repOF:dimmer,2,0,40,6
1391,repOF:dimmer,2,0,40,7
1392,repOF:dimmer,2,0,40,8
1393,repOF:dimmer,2,0,40,9
1394,repOF:dimmer,2,0,40,10
1395,repOF:dimmer,2,0,41,3
1396,repOF:dimmer,2,0,41,4
1397,repOF:dimmer,2,0,41,5
1398,repOF:dimmer,2,0,41,6
1399,repOF:dimmer,2,0,41,7
1400,repOF:dimmer,2,0,41,8
1401,repOF:dimmer,2,0,41,9
1402,repOF:dimmer,2,0,41,10
1403,repOF:dimmer,2,0,42,3
1404,repOF:dimmer,2,0,42,4
1405,repOF:dimmer,2,0,42,5
1406,repOF:dimmer,2,0,42,6
1407,repOF:dimmer,2,0,42,7
1408,repOF:dimmer,2,0,42,8
1409,repOF:dimmer,2,0,42,9
1410,repOF:dimmer,2,0,42,10
1411,repOF:dimmer,2,0,43,3
1412,repOF:dimmer,2,0,43,4
1413,repOF:dimmer,2,0,43,5
1414,repOF:dimmer,2,0,43,6
1415,repOF:dimmer,2,0,43,7
1416,repOF:dimmer,2,0,43,8
1417,repOF:dimmer,2,0,43,9
1418,repOF:dimmer,2,0,43,10
1419,repOF:dimmer,2,0,44,3
1420,repOF:dimmer,2,0,44,4
1421,repOF:dimmer,2,0,44,5
1422,repOF:dimmer,2,0,44,6
1423,repOF:dimmer,2,0,44,7
1424,repOF:dimmer,2,0,44,8
1425,repOF:dimmer,2,0,44,9
1426,repOF:dimmer,2,0,44,10
1427,repOF:dimmer,2,0,45,3
1428,repOF:dimmer,2,0,45,4
1429,repOF:dimmer,2,0,45,5
1430,repOF:dimmer,2,0,45,6
1431,repOF:dimmer,2,0,45,7
1432,repOF:dimmer,2,0,45,8
1433,repOF:dimmer,2,0,45,9
1434,repOF:dimmer,2,0,45,10
1435,repOF:dimmer,2,0,46,3
1436,repOF:dimmer,2,0,46,4
1437,repOF:dimmer,2,0,46,5
1438,repOF:dimmer,2,0,46,6
1439,repOF:dimmer,2,0,46,7
1440,repOF:dimmer,2,0,46,8
1441,repOF:dimmer,2,0,46,9
1442,repOF:dimmer,2,0,46,10
1443,repOF:dimmer,2,0,47,3
1444,repOF:dimmer,2,0,47,4
1445,repOF:dimmer,2,0,47,5
1446,repOF:dimmer,2,0,47,6
1447,repOF:dimmer,2,0,47,7
1448,repOF:dimmer,2,0,47,8
1449,repOF:dimmer,2,0,47,9
1450,repOF:dimmer,2,0,47,10
1451,repOF:dimmer,2,0,48,3
1452,repOF:dimmer,2,0,48,4
1453,repOF:dimmer,2,0,48,5
1454,repOF:dimmer,2,0,48,6
1455,repOF:dimmer,2,0,48,7
1456,repOF:dimmer,2,0,48,8
1457,repOF:dimmer,2,0,48,9
1458,repOF:dimmer,2,0,48,10
1459,repOF:dimmer,2,0,49,3
1460,repOF:dimmer,2,0,49,4
1461,repOF:dimmer,2,0,49,5
1462,repOF:dimmer,2,0,49,6
1463,repOF:dimmer,2,0,49,7
1464,repOF:dimmer,2,0,49,8
1465,repOF:dimmer,2,0,49,9
1466,repOF:dimmer,2,0,49,10
1467,repOF:dimmer,2,0,50,3
1468,repOF:dimmer,2,0,50,4
1469,repOF:dimmer,2,0,50,5
1470,repOF:dimmer,2,0,50,6
1471,repOF:dimmer,2,0,50,7
1472,repOF:dimmer,2,0,50,8
1473,repOF:dimmer,2,0,50,9
1474,repOF:dimmer,2,0,50,10
1475,repOF:dimmer,2,0,51,3
1476,repOF:dimmer,2,0,51,4
1477,repOF:dimmer,2,0,51,5
1478,repOF:dimmer,2,0,51,6
1479,repOF:dimmer,2,0,51,7
1480,repOF:dimmer,2,0,51,8
1481,repOF:dimmer,2,0,51,9
1482,repOF:dimmer,2,0,51,10
1483,repOF:dimmer,2,0,52,3
1484,repOF:dimmer,2,0,52,4
1485,repOF:dimmer,2,0,52,5
1486,repOF:dimmer,2,0,52,6
1487,repOF:dimmer,2,0,52,7
1488,repOF:dimmer,2,0,52,8
1489,repOF:dimmer,2,0,52,9
1490,repOF:dimmer,2,0,52,10
1491,repOF:dimmer,2,0,53,3
1492,repOF:dimmer,2,0,53,4
1493,repOF:dimmer,2,0,53,5
1494,repOF:dimmer,2,0,53,6
1495,repOF:dimmer,2,0,53,7
1496,repOF:dimmer,2,0,53,8
1497,repOF:dimmer,2,0,53,9
1498,repOF:dimmer,2,0,53,10
1499,repOF:dimmer,2,0,54,3
1500,repOF:dimmer,2,0,54,4
1501,repOF:dimmer,2,0,54,5
1502,repOF:dimmer,2,0,54,6
1503,repOF:dimmer,2,0,54,7
1504,repOF:dimmer,2,0,54,8
1505,repOF:dimmer,2,0,54,9
1506,repOF:dimmer,2,0,54,10
1507,repOF:dimmer,2,0,55,3
1508,repOF:dimmer,2,0,55,4
1509,repOF:dimmer,2,0,55,5
1510,repOF:dimmer,2,0,55,6
1511,repOF:dimmer,2,0,55,7
1512,repOF:dimmer,2,0,55,8
1513,repOF:dimmer,2,0,55,9
1514,repOF:dimmer,2,0,55,10
1515,repOF:dimmer,2,0,56,3
1516,repOF:dimmer,2,0,56,4
1517,repOF:dimmer,2,0,56,5
1518,repOF:dimmer,2,0,56,6
1519,repOF:dimmer,2,0,56,7
1520,repOF:dimmer,2,0,56,8
1521,repOF:dimmer,2,0,56,9
1522,repOF:dimmer,2,0,56,10
1523,repOF:dimmer,2,0,57,3
1524,repOF:dimmer,2,0,57,4
1525,repOF:dimmer,2,0,57,5
1526,repOF:dimmer,2,0,57,6
1527,repOF:dimmer,2,0,57,7
1528,repOF:dimmer,2,0,57,8
1529,repOF:dimmer,2,0,57,9
1530,repOF:dimmer,2,0,57,10
1531,repOF:dimmer,2,0,58,3
1532,repOF:dimmer,2,0,58,4
1533,repOF:dimmer,2,0,58,5
1534,repOF:dimmer,2,0,58,6
1535,repOF:dimmer,2,0,58,7
1536,repOF:dimmer,2,0,58,8
1537,repOF:dimmer,2,0,58,9
1538,repOF:dimmer,2,0,58,10
1539,repOF:dimmer,2,0,59,3
1540,repOF:dimmer,2,0,59,4
1541,repOF:dimmer,2,0,59,5
1542,repOF:dimmer,2,0,59,6
1543,repOF:dimmer,2,0,59,7
1544,repOF:dimmer,2,0,59,8
1545,repOF:dimmer,2,0,59,9
1546,repOF:dimmer,2,0,59,10
1547,repOF:dimmer,2,0,60,3
1548,repOF:dimmer,2,0,60,4
1549,repOF:dimmer,2,0,60,5
1550,repOF:dimmer,2,0,60,6
1551,repOF:dimmer,2,0,60,7
1552,repOF:dimmer,2,0,60,8
1553,repOF:dimmer,2,0,60,9
1554,repOF:dimmer,2,0,60,10
1555,repOF:dimmer,2,0,61,3
1556,repOF:dimmer,2,0,61,4
1557,repOF:dimmer,2,0,61,5
1558,repOF:dimmer,2,0,61,6
1559,repOF:dimmer,2,0,61,7
1560,repOF:dimmer,2,0,61,8
1561,repOF:dimmer,2,0,61,9
1562,repOF:dimmer,2,0,61,10
1563,repOF:dimmer,2,0,62,3
1564,repOF:dimmer,2,0,62,4
1565,repOF:dimmer,2,0,62,5
1566,repOF:dimmer,2,0,62,6
1567,repOF:dimmer,2,0,62,7
1568,repOF:dimmer,2,0,62,8
1569,repOF:dimmer,2,0,62,9
1570,repOF:dimmer,2,0,62,10
1571,repOF:dimmer,2,0,63,3
1572,repOF:dimmer,2,0,63,4
1573,repOF:dimmer,2,0,63,5
1574,repOF:dimmer,2,0,63,6
1575,repOF:dimmer,2,0,63,7
1576,repOF:dimmer,2,0,63,8
1577,repOF:dimmer,2,0,63,9
1578,repOF:dimmer,2,0,63,10
1579,repOF:dimmer,2,0,64,3
1580,repOF:dimmer,2,0,64,4
1581,repOF:dimmer,2,0,64,5
1582,repOF:dimmer,2,0,64,6
1583,repOF:dimmer,2,0,64,7
1584,repOF:dimmer,2,0,64,8
1585,repOF:dimmer,2,0,64,9
1586,repOF:dimmer,2,0,64,10
1587,repOF:dimmer,2,0,65,3
1588,repOF:dimmer,2,0,65,4
1589,repOF:dimmer,2,0,65,5
1590,repOF:dimmer,2,0,65,6
1591,repOF:dimmer,2,0,65,7
1592,repOF:dimmer,2,0,65,8
1593,repOF:dimmer,2,0,65,9
1594,repOF:dimmer,2,0,65,10
1595,repOF:dimmer,2,0,66,3
1596,repOF:dimmer,2,0,66,4
1597,repOF:dimmer,2,0,66,5
1598,repOF:dimmer,2,0,66,6
1599,repOF:dimmer,2,0,66,7
1600,repOF:dimmer,2,0,66,8
1601,repOF:dimmer,2,0,66,9
1602,repOF:dimmer,2,0,66,10
1603,repOF:dimmer,2,0,67,3
1604,repOF:dimmer,2,0,67,4
1605,repOF:dimmer,2,0,67,5
1606,repOF:dimmer,2,0,67,6
1607,repOF:dimmer,2,0,67,7
1608,repOF:dimmer,2,0,67,8
1609,repOF:dimmer,2,0,67,9
1610,repOF:dimmer,2,0,67,10
1611,repOF:dimmer,2,0,68,3
1612,repOF:dimmer,2,0,68,4
1613,repOF:dimmer,2,0,68,5
1614,repOF:dimmer,2,0,68,6
1615,repOF:dimmer,2,0,68,7
1616,repOF:dimmer,2,0,68,8
1617,repOF:dimmer,2,0,68,9
1618,repOF:dimmer,2,0,68,10
1619,repOF:dimmer,2,0,69,3
1620,repOF:dimmer,2,0,69,4
1621,repOF:dimmer,2,0,69,5
1622,repOF:dimmer,2,0,69,6
1623,repOF:dimmer,2,0,69,7
1624,repOF:dimmer,2,0,69,8
1625,repOF:dimmer,2,0,69,9
1626,repOF:dimmer,2,0,69,10
1627,repOF:dimmer,2,0,70,3
1628,repOF:dimmer,2,0,70,4
1629,repOF:dimmer,2,0,70,5
1630,repOF:dimmer,2,0,70,6
1631,repOF:dimmer,2,0,70,7
1632,repOF:dimmer,2,0,70,8
1633,repOF:dimmer,2,0,70,9
1634,repOF:dimmer,2,0,70,10
1635,repOF:dimmer,2,0,71,3
1636,repOF:dimmer,2,0,71,4
1637,repOF:dimmer,2,0,71,5
1638,repOF:dimmer,2,0,71,6
1639,repOF:dimmer,2,0,71,7
1640,repOF:dimmer,2,0,71,8
1641,repOF:dimmer,2,0,71,9
1642,repOF:dimmer,2,0,71,10
1643,repOF:dimmer,2,0,72,3
1644,repOF:dimmer,2,0,72,4
1645,repOF:dimmer,2,0,72,5
1646,repOF:dimmer,2,0,72,6
1647,repOF:dimmer,2,0,72,7
1648,repOF:dimmer,2,0,72,8
1649,repOF:dimmer,2,0,72,9
1650,repOF:dimmer,2,0,72,10
1651,repOF:dimmer,2,0,73,3
1652,repOF:dimmer,2,0,73,4
1653,repOF:dimmer,2,0,73,5
1654,repOF:dimmer,2,0,73,6
1655,repOF:dimmer,2,0,73,7
1656,repOF:dimmer,2,0,73,8
1657,repOF:dimmer,2,0,73,9
1658,repOF:dimmer,2,0,73,10
1659,repOF:dimmer,2,0,74,3
1660,repOF:dimmer,2,0,74,4
1661,repOF:dimmer,2,0,74,5
1662,repOF:dimmer,2,0,74,6
1663,repOF:dimmer,2,0,74,7
1664,repOF:dimmer,2,0,74,8
1665,repOF:dimmer,2,0,74,9
1666,repOF:dimmer,2,0,74,10
1667,repOF:dimmer,2,0,75,3
1668,repOF:dimmer,2,0,75,4
1669,repOF:dimmer,2,0,75,5
1670,repOF:dimmer,2,0,75,6
1671,repOF:dimmer,2,0,75,7
1672,repOF:dimmer,2,0,75,8
1673,repOF:dimmer,2,0,75,9
1674,repOF:dimmer,2,0,75,10
1675,repOF:dimmer,2,0,76,3
1676,repOF:dimmer,2,0,76,4
1677,repOF:dimmer,2,0,76,5
1678,repOF:dimmer,2,0,76,6
1679,repOF:dimmer,2,0,76,7
1680,repOF:dimmer,2,0,76,8
1681,repOF:dimmer,2,0,76,9
1682,repOF:dimmer,2,0,76,10
1683,repOF:dimmer,2,0,77,3
1684,repOF:dimmer,2,0,77,4
1685,repOF:dimmer,2,0,77,5
1686,repOF:dimmer,2,0,77,6
1687,repOF:dimmer,2,0,77,7
1688,repOF:dimmer,2,0,77,8
1689,repOF:dimmer,2,0,77,9
1690,repOF:dimmer,2,0,77,10
1691,repOF:dimmer,2,0,78,3
1692,repOF:dimmer,2,0,78,4
1693,repOF:dimmer,2,0,78,5
1694,repOF:dimmer,2,0,78,6
1695,repOF:dimmer,2,0,78,7
1696,repOF:dimmer,2,0,78,8
1697,repOF:dimmer,2,0,78,9
1698,repOF:dimmer,2,0,78,10
1699,repOF:dimmer,2,0,79,3
1700,repOF:dimmer,2,0,79,4
1701,repOF:dimmer,2,0,79,5
1702,repOF:dimmer,2,0,79,6
1703,repOF:dimmer,2,0,79,7
1704,repOF:dimmer,2,0,79,8
1705,repOF:dimmer,2,0,79,9
1706,repOF:dimmer,2,0,79,10
1707,repOF:dimmer,2,0,80,3
1708,repOF:dimmer,2,0,80,4
1709,repOF:dimmer,2,0,80,5
1710,repOF:dimmer,2,0,80,6
1711,repOF:dimmer,2,0,80,7
1712,repOF:dimmer,2,0,80,8
1713,repOF:dimmer,2,0,80,9
1714,repOF:dimmer,2,0,80,10
1715,ansaZ,1,600,0,-
1716,ansaZ,1,600,1,-
1717,ansaZ,1,600,2,-
1718,ansaZ,1,400,3,-
1719,ansaZ,1,400,4,-
1720,ansaZ,1,400,5,-
1721,ansaX,1,19,0,-
1722,ansaY,1,-91,0,-
1723,ansaY,1,210,1,-
1724,ansaY,1,618,2,-
1725,ansaY,1,586,3,-
1726,ansaY,1,1080,4,-
1727,ansaY,1,3422,5,-
1728,ansaType,1,1,1,-
1729,ansaType,1,1,2,-
1730,memoryType,1,4,1,-
1731,memoryType,1,5,2,-
1732,memoryType,1,1,3,-
1733,memoryType,1,1,4,-
1734,memoryType,1,1,5,-
1735,memoryType,1,1,6,-
1736,memoryType,1,1,7,-
1737,memoryType,1,1,8,-
1738,memoryType,1,1,9,-
1739,memoryType,1,1,10,-
1740,memoryType,1,1,11,-
1741,memoryType,1,1,12,-
1742,memoryType,1,2,13,-
1743,memoryType,1,1,14,-
1744,memoryType,1,1,15,-
1745,memoryType,1,2,16,-
1746,memoryType,1,1,18,-
1747,memoryType,1,1,20,-
1748,memoryType,1,1,21,-
1749,memoryType,1,1,22,-
1750,memoryType,1,1,23,-
1751,memoryType,1,1,24,-
1752,memoryType,1,1,25,-
1753,memoryType,1,1,26,-
1754,memoryType,1,1,28,-
1755,memoryType,1,1,29,-
1756,memoryType,1,1,30,-
1757,memoryType,1,1,31,-
1758,memoryType,1,1,33,-
1759,memoryType,1,1,35,-
1760,memoryType,1,1,36,-
1761,memoryType,1,1,37,-
1762,memoryType,1,1,38,-
1763,memoryType,1,1,39,-
1764,memoryType,1,1,40,-
1765,memoryType,1,1,41,-
1766,memoryType,1,1,43,-
1767,memoryType,1,1,44,-
1768,memoryType,1,1,45,-
1769,memoryType,1,1,49,-
1770,memoryType,1,1,50,-
1771,memoryType,1,1,51,-
1772,memoryType,1,1,52,-
1773,memoryType,1,1,54,-
1774,memoryType,1,1,55,-
1775,memoryType,1,1,56,-
1776,memoryType,1,1,57,-
1777,memoryType,1,1,58,-
1778,memoryType,1,1,63,-
1779,memoryType,1,1,64,-
1780,memoryType,1,1,65,-
1781,memoryType,1,2,66,-
1782,memoryType,1,1,68,-
1783,memoryType,1,2,69,-
1784,memoryType,1,1,70,-
1785,memoryType,1,1,71,-
1786,memoryType,1,1,72,-
1787,memoryType,1,1,83,-
1788,soundToLightSteps,1,4,3,-
1789,soundToLightSteps,1,7,4,-
1790,soundToLightSteps,1,2,5,-
1791,soundToLightSteps,1,3,6,-
1792,soundToLightSteps,1,5,7,-
1793,soundToLightSteps,1,1,8,-
1794,soundToLightSteps,1,4,9,-
1795,soundToLightSteps,1,2,10,-
1796,soundToLightSteps,1,4,11,-
1797,soundToLightSteps,1,4,12,-
1798,soundToLightSteps,1,2,13,-
1799,soundToLightSteps,1,2,16,-
1800,soundToLightSteps,1,1,21,-
1801,soundToLightSteps,1,3,66,-
1802,soundToLightSteps,1,1,69,-
1803,ansaX,1,19,0,-
1804,chaseModeByMemoryNumber,1,6,8,-
1805,chaseModeByMemoryNumber,1,6,10,-
1806,chaseModeByMemoryNumber,1,6,21,-
1807,chaseModeByMemoryNumber,1,6,69,-
1808,valueOfMemory,1,255,1,-
1809,valueOfMemory,1,48,2,-
1810,valueOfMemory,1,255,13,-
1811,memoryValue,1,255,1,-
1812,memoryValue,1,48,2,-
1813,memoryValue,1,221,9,-
1814,memoryValue,1,34,10,-
1815,memoryValue,1,255,13,-
1816,bottomMenuOrder,1,2,1,-
1817,bottomMenuOrder,1,2,2,-
1818,bottomMenuOrder,1,3,3,-
1819,bottomMenuOrder,1,4,4,-
1820,bottomMenuOrder,1,1,5,-
1821,bottomMenuOrder,1,7,6,-
1822,bottomMenuOrder,1,13,7,-
1823,bottomMenuOrder,1,12,8,-
1824,bottomMenuOrder,1,6,9,-
1825,bottomMenuOrder,1,8,10,-
1826,bottomMenuOrder,1,13,11,-
1827,bottomMenuOrder,1,11,12,-
1828,bottomMenuOrder,1,9,13,-
1829,bottomMenuOrder,1,14,14,-
1830,bottomMenuOrder,1,30,15,-
1831,bottomMenuOrder,1,16,16,-
1832,bottomMenuOrder,1,17,17,-
1833,bottomMenuOrder,1,18,18,-
1834,bottomMenuOrder,1,15,19,-
1835,bottomMenuOrder,1,14,20,-
1836,bottomMenuOrder,1,21,21,-
1837,bottomMenuOrder,1,15,22,-
1838,bottomMenuOrder,1,16,23,-
1839,bottomMenuOrder,1,17,24,-
1840,bottomMenuOrder,1,9,25,-
1841,bottomMenuOrder,1,11,26,-
1842,bottomMenuOrder,1,12,27,-
1843,bottomMenuOrder,1,28,28,-
1844,bottomMenuOrder,1,29,29,-
1845,bottomMenuOrder,1,30,30,-
1846,bottomMenuOrder,1,31,31,-
1847,bottomMenuOrder,1,32,32,-
1848,bottomMenuOrder,1,33,33,-
1849,bottomMenuOrder,1,34,34,-
1850,bottomMenuOrder,1,35,35,-
1851,bottomMenuOrder,1,36,36,-
1852,bottomMenuOrder,1,37,37,-
1853,bottomMenuOrder,1,38,38,-
1854,bottomMenuOrder,1,39,39,-
1855,bottomMenuOrder,1,40,40,-
1856,bottomMenuOrder,1,41,41,-
1857,bottomMenuOrder,1,42,42,-
1858,bottomMenuOrder,1,43,43,-
1859,bottomMenuOrder,1,44,44,-
1860,bottomMenuOrder,1,45,45,-
1861,bottomMenuOrder,1,46,46,-
1862,bottomMenuOrder,1,47,47,-
1863,bottomMenuOrder,1,48,48,-
1864,bottomMenuOrder,1,49,49,-
1865,bottomMenuOrder,1,50,50,-
1866,bottomMenuOrder,1,51,51,-
1867,bottomMenuOrder,1,52,52,-
1868,bottomMenuOrder,1,53,53,-
1869,bottomMenuOrder,1,54,54,-
1870,bottomMenuOrder,1,55,55,-
1871,bottomMenuOrder,1,56,56,-
1872,bottomMenuOrder,1,57,57,-
1873,bottomMenuOrder,1,58,58,-
1874,bottomMenuOrder,1,59,59,-
1875,bottomMenuOrder,1,60,60,-
1876,bottomMenuOrder,1,61,61,-
1877,bottomMenuOrder,1,62,62,-
1878,bottomMenuOrder,1,63,63,-
1879,bottomMenuOrder,1,64,64,-
1880,bottomMenuOrder,1,65,65,-
1881,bottomMenuOrder,1,66,66,-
1882,bottomMenuOrder,1,67,67,-
1883,bottomMenuOrder,1,68,68,-
1884,bottomMenuOrder,1,69,69,-
1885,bottomMenuOrder,1,70,70,-
1886,bottomMenuOrder,1,71,71,-
1887,bottomMenuOrder,1,72,72,-
1888,bottomMenuOrder,1,73,73,-
1889,bottomMenuOrder,1,74,74,-
1890,bottomMenuOrder,1,75,75,-
1891,bottomMenuOrder,1,76,76,-
1892,bottomMenuOrder,1,77,77,-
1893,bottomMenuOrder,1,78,78,-
1894,bottomMenuOrder,1,79,79,-
1895,bottomMenuOrder,1,80,80,-
1896,grouping,1,1,0,-
1897,grouping,1,1,1,-
1898,grouping,1,1,2,-
1899,soundToLightPresets,2,14,16,1
1900,soundToLightPresets,2,15,16,2
1901,soundToLightPresets,2,28,1,3
1902,soundToLightPresets,2,29,2,3
1903,soundToLightPresets,2,30,3,3
1904,soundToLightPresets,2,31,4,3
1905,soundToLightPresets,2,20,1,4
1906,soundToLightPresets,2,21,2,4
1907,soundToLightPresets,2,22,3,4
1908,soundToLightPresets,2,23,4,4
1909,soundToLightPresets,2,24,5,4
1910,soundToLightPresets,2,25,6,4
1911,soundToLightPresets,2,26,7,4
1912,soundToLightPresets,2,3,1,5
1913,soundToLightPresets,2,4,2,5
1914,soundToLightPresets,2,43,1,6
1915,soundToLightPresets,2,44,2,6
1916,soundToLightPresets,2,45,3,6
1917,soundToLightPresets,2,54,1,7
1918,soundToLightPresets,2,55,2,7
1919,soundToLightPresets,2,56,3,7
1920,soundToLightPresets,2,57,4,7
1921,soundToLightPresets,2,58,5,7
1922,soundToLightPresets,2,68,1,8
1923,soundToLightPresets,2,28,1,9
1924,soundToLightPresets,2,29,2,9
1925,soundToLightPresets,2,30,3,9
1926,soundToLightPresets,2,31,4,9
1927,soundToLightPresets,2,7,5,9
1928,soundToLightPresets,2,8,6,9
1929,soundToLightPresets,2,14,1,10
1930,soundToLightPresets,2,15,2,10
1931,soundToLightPresets,2,15,3,10
1932,soundToLightPresets,2,35,1,11
1933,soundToLightPresets,2,36,2,11
1934,soundToLightPresets,2,37,3,11
1935,soundToLightPresets,2,38,4,11
1936,soundToLightPresets,2,49,1,12
1937,soundToLightPresets,2,50,2,12
1938,soundToLightPresets,2,51,3,12
1939,soundToLightPresets,2,52,4,12
1940,soundToLightPresets,2,51,5,12
1941,soundToLightPresets,2,52,6,12
1942,soundToLightPresets,2,9,1,13
1943,soundToLightPresets,2,10,2,13
1944,soundToLightPresets,2,20,1,21
1945,soundToLightPresets,2,63,1,66
1946,soundToLightPresets,2,64,2,66
1947,soundToLightPresets,2,65,3,66
1948,soundToLightPresets,2,68,1,69
1949,preset,2,255,3,1
1950,preset,2,255,20,1
1951,preset,2,255,28,1
1952,preset,2,255,49,1
1953,preset,2,255,4,2
1954,preset,2,255,21,2
1955,preset,2,255,29,2
1956,preset,2,255,50,2
1957,preset,2,255,5,3
1958,preset,2,255,22,3
1959,preset,2,255,30,3
1960,preset,2,255,51,3
1961,preset,2,255,6,4
1962,preset,2,255,24,4
1963,preset,2,255,30,4
1964,preset,2,255,51,4
1965,preset,2,255,7,5
1966,preset,2,255,25,5
1967,preset,2,255,29,5
1968,preset,2,255,50,5
1969,preset,2,255,8,6
1970,preset,2,255,26,6
1971,preset,2,255,28,6
1972,preset,2,255,49,6
1973,preset,2,255,23,7
1974,preset,2,255,31,7
1975,preset,2,255,50,7
1976,preset,2,255,29,8
1977,preset,2,255,52,8
1978,preset,2,255,29,9
1979,preset,2,251,38,9
1980,preset,2,255,49,9
1981,preset,2,255,31,10
1982,preset,2,251,39,10
1983,preset,2,255,51,10
1984,preset,2,255,31,11
1985,preset,2,251,37,11
1986,preset,2,255,52,11
1987,preset,2,255,28,12
1988,preset,2,251,36,12
1989,preset,2,255,28,13
1990,preset,2,251,40,13
1991,preset,2,255,30,14
1992,preset,2,251,35,14
1993,preset,2,255,30,15
1994,preset,2,251,41,15
1995,preset,2,255,15,16
1996,preset,2,255,33,16
1997,preset,2,255,14,17
1998,preset,2,255,33,17
1999,preset,2,251,43,20
2000,preset,2,251,44,21
2001,preset,2,251,45,22
2002,preset,2,255,68,23
2003,preset,2,251,43,24
2004,preset,2,251,44,25
2005,preset,2,251,45,26
2006,preset,2,34,54,27
2007,preset,2,79,55,27
2008,preset,2,95,56,27
2009,preset,2,181,57,27
2010,preset,2,255,58,27
2011,preset,2,56,55,28
2012,preset,2,57,56,28
2013,preset,2,116,57,28
2014,preset,2,202,58,28
2015,camX,0,1460,-,-
2016,camY,0,-2121,-,-
2017,camZ,0,4900,-,-
2018,centerX,0,-5,-,-
2019,centerY,0,2100,-,-
2020,chaseMode,0,4,-,-
